cohortId,checksum,timeStamp
4001,261566abbec096f8986b7b77d34e72ac,2024-12-04T04:19:12Z
4002,7c8e336a676c345563025053976b5fa8,2024-12-04T04:21:49Z
4003,f6879d2916f385a0dafa0fb5c46bb5e7,2024-12-04T04:24:54Z
4004,85630b9db884bb3eebb37a194dfcee58,2024-12-04T04:28:02Z
4005,ec05659ef5a7fd54ec7ce5f2973132e3,2024-12-04T04:30:53Z
4006,17aded4f2ebe37e1ba350b47d01a2bc1,2024-12-04T04:34:25Z
4007,9f375ff0f9008dbec90ca84ed88b0fcd,2024-12-04T04:36:50Z
4008,9950e819078948d7dce113c21b4ca945,2024-12-04T04:40:15Z
4009,1d2da8f211bd3948873191030e030c24,2024-12-04T04:43:50Z
4010,f868be8b180e5a099931d6875f516fc7,2024-12-04T04:48:36Z
4011,42ce584c3d5d7c89ba205f86264c39b9,2024-12-04T04:54:25Z
4012,624c0c596b06f8aafbc367fe51c471e1,2024-12-04T04:58:02Z
4013,5095703fad7f198f7c5c2e035b08523e,2024-12-04T05:03:03Z
4014,825cca91b5d836ec1a8cde646fc8f0d5,2024-12-04T05:07:08Z
4015,d3f7fc58a0b79927e86de6a5f1b2aed0,2024-12-04T05:10:58Z
4016,f73c3a361a39103653191eb7a0279776,2024-12-04T05:15:32Z
4017,6be8464fa978924443dcc0364fb5192a,2024-12-04T05:21:14Z
4018,faee19131b77d989057706bd5d3d2bd5,2024-12-04T05:24:56Z
4019,d708cab874041c23858305f1eace418b,2024-12-04T05:28:57Z
4020,b18565f976c69b517e57433c0773fc43,2024-12-04T05:34:24Z
4021,c6472ed27ce545991a4689cd1eca0e0d,2024-12-04T05:39:25Z
4022,30dbab265b3b80cdf29962ca48e1a471,2024-12-04T05:44:35Z
4023,afe6ba2b1e8291e6ce3363120c1a1dfb,2024-12-04T05:50:30Z
4024,b8d15512648d7b65e0e51cd2513d7f72,2024-12-04T05:56:23Z
4025,b4d98303314aae1176858d03b471ee16,2024-12-04T05:57:54Z
4026,84c318e531028ecff00609477c5f66cd,2024-12-04T05:59:32Z
4027,4deaec0b559be7356bd2bf6306830111,2024-12-04T06:01:06Z
4028,29cbc7cbf2545f0b9c888dfdb1e5fe65,2024-12-04T06:02:40Z
4029,5c4ce6061abeb33e2af0ada773fe8d93,2024-12-04T06:04:09Z
4030,c20c0a6ce863bfb91cc86c0135f34221,2024-12-04T06:06:01Z
4031,d0072ee871266b2fc9bc4b120b570e25,2024-12-04T06:08:00Z
4032,2f75a73c2788b82ae2627823f02950c3,2024-12-04T06:09:26Z
4033,7f5ddd1039b773aff83513d34d81f997,2024-12-04T06:11:04Z
4034,908bff5cca00af6a69dfc78df9943fd4,2024-12-04T06:12:39Z
4035,98ed9293e03b327f6d8f7b9bedf02929,2024-12-04T06:14:41Z
4036,0db713e22a6faef6173cd7e28f1b4bef,2024-12-04T06:16:57Z
4037,bc70aee3a5c7e2a97892f50208934e06,2024-12-04T06:19:22Z
4038,3b84be21439ee0dda22f0fa2a9dd544e,2024-12-04T06:21:47Z
4039,e2439714755b6281e44358804b83f513,2024-12-04T06:23:48Z
4040,a294122b87a854421db833a0807c16bb,2024-12-04T06:25:54Z
4001030,163d971ab65e1b2920134d00f6489a6a,2024-12-04T10:32:50Z
4002030,546318d64af1143699952a7c0b0f335b,2024-12-04T10:32:55Z
4003030,e2735ecb2e56fe939a98143c97a5137a,2024-12-04T10:33:01Z
4004030,1a0aab3efe6e72f2809e4d9c436992db,2024-12-04T10:33:08Z
4005030,f62370dc861b8446c1fb138fceea38b1,2024-12-04T10:33:14Z
4006030,92cd0d7ccbf72e8ad0442b244f011c09,2024-12-04T10:33:18Z
4007030,a16113029097db90654b524dcc0c3399,2024-12-04T10:33:23Z
4008030,23e33f360c2aa1ee64f2b050f651b5fc,2024-12-04T10:33:27Z
4009030,6406c5dd7cf0d52efff03465c5385027,2024-12-04T10:33:30Z
4010030,e950ff53e7f2a380d7545271ec279a6f,2024-12-04T10:33:34Z
4011030,049aecbfabb135c6e1512af917cadb3d,2024-12-04T10:33:37Z
4012030,add7679789bf619f60b11798f017e905,2024-12-04T10:33:39Z
4013030,2aeb38d82d3ecab5925ff8688eb6278c,2024-12-04T10:33:45Z
4014030,2ebd52016a3a64cc77dea890f4ae043a,2024-12-04T10:33:48Z
4015030,c92fa80e35c8f59c6c5f9686205b859f,2024-12-04T10:33:52Z
4016030,2d07333452d178240627161efeb297a1,2024-12-04T10:33:54Z
4017030,5b459a83cec4929f94183f99bd75b747,2024-12-04T10:33:56Z
4018030,5b19e9ba6942716f71da7d7ce28885e4,2024-12-04T10:33:59Z
4019030,a00d9a21f2fa791dd721e5d126269cb8,2024-12-04T10:34:01Z
4020030,8b96d541bee2cb961350a6538c874c14,2024-12-04T10:34:04Z
4021030,11f29d7d4dc158e6588d1feaaff0b7e9,2024-12-04T10:34:06Z
4022030,08c12a37c1712acfc730a9042e70adb2,2024-12-04T10:34:08Z
4023030,3ef7388c1a947b453348ddfc2a06a172,2024-12-04T10:34:11Z
4024030,6bf90da98bf2d533d9755974d5ff3b49,2024-12-04T10:34:14Z
4025030,2e25d10e712f20b9e6fc2a8eefc9952e,2024-12-04T10:34:16Z
4026030,a5e69b5015eec557b2be81e8ca9f95a3,2024-12-04T10:34:19Z
4027030,b714325aa46a538e8ab22e89f9c3cb1c,2024-12-04T10:34:24Z
4028030,76d1ea042b68eb8bec4693931416da27,2024-12-04T10:34:26Z
4029030,42808da849dfd16ecc9ac8f38a51feae,2024-12-04T10:34:29Z
4030030,32ad6ba7abe76f9f92bdc2abb2f44fb7,2024-12-04T10:34:32Z
4031030,51fa11d2c1685432225d62d6c2bef92a,2024-12-04T10:34:34Z
4032030,9f4700891a2a5d9e3b5b014bfef7621d,2024-12-04T10:34:37Z
4033030,fb1be0bb2680afb9d35d043298166c07,2024-12-04T10:34:40Z
4034030,955b795f71bef64f9d966cbd9db827bb,2024-12-04T10:34:43Z
4035030,321976914f1ca4937be32bf6f9a6f4e6,2024-12-04T10:34:45Z
4036030,4a58f6059b7a2200c55516e93a51e3d1,2024-12-04T10:34:47Z
4037030,dbce34c443b806ad41780419e097b3b8,2024-12-04T10:34:49Z
4038030,ad3d412c77b886be9ab80e33e3b6fb9d,2024-12-04T10:34:52Z
4039030,7d6661a22dccf3ddcacc2c1066688190,2024-12-04T10:34:54Z
4040030,ec851df3c843428101afa3449cbd08ac,2024-12-04T10:34:56Z
4001040,616ab9c838127683387385bd2f8f4bdf,2024-12-04T10:38:41Z
4002040,dfd54007bbe125d3cb341ff6f1ef3ef8,2024-12-04T10:38:50Z
4003040,b60538ab3be519ce8c31f34703801e49,2024-12-04T10:38:56Z
4004040,7b41d423dd5ecfa123e1782c33ca8672,2024-12-04T10:39:02Z
4005040,0dfef05011d97f3ce16c6cfe42087759,2024-12-04T10:39:07Z
4006040,712244d4fa82f40d70c54c9e637eac5b,2024-12-04T10:39:12Z
4007040,35f6bc947501669c7a6f5a15cc6fefd6,2024-12-04T10:39:18Z
4008040,9a07a3d9869210a7e5ec0d650e314f5f,2024-12-04T10:39:25Z
4009040,879ceb208bc64f316c922fa7a534e888,2024-12-04T10:39:30Z
4010040,bdfb687de7dac1236a906fec2075574c,2024-12-04T10:39:34Z
4011040,aa854a02fadcbf72c960fb15d88a8c10,2024-12-04T10:39:37Z
4012040,4c0413ff8a3ddf3289ce7e6a8034917a,2024-12-04T10:39:41Z
4013040,3ec38e8421011b2ca73382879afabe4e,2024-12-04T10:39:46Z
4014040,e9028b846be6465157d0b453a5b2f3fa,2024-12-04T10:39:50Z
4015040,9c897c18d415f877850cb478949658ff,2024-12-04T10:39:52Z
4016040,9c17b1aef2fd51e92312d681b1eaf803,2024-12-04T10:39:55Z
4017040,e889712a0c7d5bf388c0243eaf34b93e,2024-12-04T10:39:57Z
4018040,e3e526bccfcdb77f1e186fa70b683cd3,2024-12-04T10:39:59Z
4019040,43e61df74174be4433af1355b7f29c49,2024-12-04T10:40:01Z
4020040,caa823ed072794cc13e99b28f919d18d,2024-12-04T10:40:05Z
4021040,853569a81c4c735ce67c0d87a67d0fcd,2024-12-04T10:40:08Z
4022040,70a3bab208416d55ebd9cf2eb33ab35e,2024-12-04T10:40:10Z
4023040,9a85e8774e8ca386f0774ca985d0e421,2024-12-04T10:40:12Z
4024040,e611f8f0004ee0bc05f0e80aea3ac236,2024-12-04T10:40:14Z
4025040,c2ef57a0b0c9021e21c594539f9dacb9,2024-12-04T10:40:16Z
4026040,124016ea1ff854105bac139aea921cf4,2024-12-04T10:40:18Z
4027040,2b611c81a4aee2b32c5f3ea177f111d4,2024-12-04T10:40:20Z
4028040,73c6884fb787b4da5dc69fcb8c28b8b2,2024-12-04T10:40:22Z
4029040,59b7cc1f4d0b41d8d8128eb183470cc6,2024-12-04T10:40:24Z
4030040,55d987d825996097798eca0ce76d26a0,2024-12-04T10:40:26Z
4031040,0a923a39dd66d9234cd0b05dedd2a541,2024-12-04T10:40:28Z
4032040,2117bb9b1a5486c8b919cd559b942d25,2024-12-04T10:40:30Z
4033040,d6127d88edcde57b6c56421377a56506,2024-12-04T10:40:47Z
4034040,caa12cd4ba86e9f47a06a5c906ef6e30,2024-12-04T10:40:50Z
4035040,3d0e5a35a185c75fd16ac7b74af6ecd9,2024-12-04T10:40:52Z
4036040,f01e3556d91349612c05b0307346afb1,2024-12-04T10:40:54Z
4037040,286330f6c6e15a2f1a440725dd163915,2024-12-04T10:40:57Z
4038040,03b97dc794dab5e28b53a158886af1ec,2024-12-04T10:41:00Z
4039040,fdc65e4e45660a96cf914b4adb3794e4,2024-12-04T10:41:04Z
4040040,9ec556e8bd4f61534cd453e18725238f,2024-12-04T10:41:11Z
4001001,9ad6a72691e7cfb5ba67a72d6b205445,2024-12-04T10:47:14Z
4002001,a815dd70bd1e63cd9f11ece30e2722c1,2024-12-04T10:47:23Z
4003001,c29d93d37c9eeb9a6630bff22847db12,2024-12-04T10:47:32Z
4004001,b7243099a8b98580c26e5d9a0b7e088a,2024-12-04T10:47:38Z
4005001,58eba7248716775a9f4d080590c2d5f5,2024-12-04T10:47:48Z
4006001,aaae1dedc6b9bd8d319e83fd1218118e,2024-12-04T10:47:54Z
4007001,ace90a358ac063a0bbf504d4df5888b9,2024-12-04T10:48:01Z
4008001,caaa5428284025494d6ac32417642517,2024-12-04T10:48:11Z
4001002,c5d17a3b7fbf3a7112fedda9a067d362,2024-12-04T10:48:20Z
4002002,bfce5ab76bb61b0f8f924705f39ccf78,2024-12-04T10:48:29Z
4003002,9712368a10be72f189593499888b2fcc,2024-12-04T10:48:37Z
4004002,93e358e386930c37102a53320cca9b2b,2024-12-04T10:48:45Z
4005002,9449f8a1f559c2bb65277a34972ba14d,2024-12-04T10:48:54Z
4006002,5c41fc0ed82a1a22afb5deecee9bd17f,2024-12-04T10:49:00Z
4007002,172fcc2903a6cd8a5b8dfa52f60cbb5c,2024-12-04T10:49:08Z
4008002,2e9da556544f299edc55ccfa1913dd4c,2024-12-04T10:49:15Z
4001003,aff1fbb1a0288465a4c3aeb62ac7d6cb,2024-12-04T10:49:24Z
4002003,40089b693bc54844d1bf7a4e59c60ee0,2024-12-04T10:49:30Z
4003003,a61c53170fee08b34be65a6daec04b39,2024-12-04T10:49:42Z
4004003,e71ba3102b1f721f2c5623c3c79478f6,2024-12-04T10:49:51Z
4005003,c29698c0511e10a29c060f5a3c0b938d,2024-12-04T10:49:59Z
4006003,4509dd531c98039742d0658f9f53d052,2024-12-04T10:50:07Z
4007003,06eb9f7b1d140434cb6d756b518fb049,2024-12-04T10:50:12Z
4008003,e6a1eec5c97c0a8dc485642e19cc64e5,2024-12-04T10:50:19Z
4001004,cd1a1a8e3f9116069d554c56cc71e302,2024-12-04T10:50:31Z
4002004,0f7020936549300bd38b87cb99af39fa,2024-12-04T10:50:49Z
4003004,571abfd59b428b391dbe5f332033cc75,2024-12-04T10:50:57Z
4004004,05a63704fbb3b608fbfc32687ddd4e79,2024-12-04T10:51:07Z
4005004,c8edc594f73ac22fc680749e70c3c2fe,2024-12-04T10:51:17Z
4006004,25690735bb2ca65e75ccb93f9c48ff31,2024-12-04T10:51:23Z
4007004,ef2c41e9f57d5a400593e2523c8d7cde,2024-12-04T10:51:32Z
4008004,b9b4d9fdc6d7f18e2cc22075a79a379d,2024-12-04T10:51:38Z
4001005,46514feba5b5a26a5881ee1fa32b42c9,2024-12-04T10:51:49Z
4002005,9c2f7d3dbc5a546382e97d3a06198aba,2024-12-04T10:51:57Z
4003005,46807ad082fd3faa1653f8dde85a3ee7,2024-12-04T10:52:04Z
4004005,2dcb5a33d2f492f165cb9527a2b9d941,2024-12-04T10:52:14Z
4005005,c65f1f74fa212449ce862ebdd0c3fb12,2024-12-04T10:52:19Z
4006005,c200c3b5436d95d5a4324830b477ab92,2024-12-04T10:52:28Z
4007005,9bfddd88eccfe9e2cd7886c3e85e5000,2024-12-04T10:52:35Z
4008005,820ee4409445b3f622bd692411247d35,2024-12-04T10:52:42Z
4001011,f3fdac14e15ef099bf903837b08d846e,2024-12-04T10:55:23Z
4002011,68ed243fe17044674495bb218abf0cf9,2024-12-04T10:55:31Z
4003011,7a2a3e2db2f363294de6d3c410440956,2024-12-04T10:55:48Z
4004011,89508d9937dc249bb02801470f913967,2024-12-04T10:56:01Z
4005011,cada4bf990edee87dd7443b013de345f,2024-12-04T10:56:08Z
4006011,356687b0d33cf47bafe19a50dce36108,2024-12-04T10:56:17Z
4007011,1821d5e0c62c76e72814ae51aeb64015,2024-12-04T10:56:27Z
4008011,92ef55cdc5ba3f2ae589e241cd6cb718,2024-12-04T10:56:33Z
4001012,28018a89e5bf8ab6952b3659b8d76f81,2024-12-04T10:56:50Z
4002012,bb2317a7809838e6099f5d1193d5ff79,2024-12-04T10:56:59Z
4003012,0c3988fa80794fa2e703b071c0651018,2024-12-04T10:57:18Z
4004012,6eb131e49d2a6c454d6cb2c22ed61eca,2024-12-04T10:57:31Z
4005012,d05bdec929ceaf4edc2a6471b0d893b4,2024-12-04T10:57:41Z
4006012,2481e5e5dc2cba1df5955e0531fba088,2024-12-04T10:57:56Z
4007012,bf91513b5f53679efaddb679de6ae722,2024-12-04T10:58:06Z
4008012,e66b8fe497690c6093eb38dfcda59661,2024-12-04T10:58:19Z
4001013,7b5df76409194c0d3e699cba0f3aaa80,2024-12-04T10:58:31Z
4002013,8bce1de31c20bbb786916121cbdcde8b,2024-12-04T10:58:54Z
4003013,a664b4941a3cb546e3b8bf1573fdc198,2024-12-04T10:59:04Z
4004013,95406dc4e8ab882ce50c6ec0f9b065ed,2024-12-04T10:59:18Z
4005013,96a1c7c4478dd2b4d56744efbec7ad5e,2024-12-04T10:59:27Z
4006013,48d156e498a1884c1b4de42a6005a82d,2024-12-04T11:00:54Z
4007013,69745dc5d9561866c88bb9ad26bfeb83,2024-12-04T11:01:35Z
4008013,cad4cd8480053dbba3db9e9046f305a3,2024-12-04T11:02:21Z
4001014,3232a332dcc0538289a789f63582a7fb,2024-12-04T11:03:12Z
4002014,4639b86ee968f7cdba6ce98e623f72e2,2024-12-04T11:04:00Z
4003014,41f697fba0e01885e8b7c764c1a7849f,2024-12-04T11:04:28Z
4004014,d5c17f488e3ed48e1a759edd92babc4c,2024-12-04T11:04:46Z
4005014,b36eacc753421952878494b0adb298e7,2024-12-04T11:05:08Z
4006014,401b622487680d3deffd62061fd52baa,2024-12-04T11:05:28Z
4007014,f786cb75aaf54d4818bd2e7031b11794,2024-12-04T11:05:54Z
4008014,d6b13aca40b562996114d740299215f6,2024-12-04T11:06:13Z
4001015,cfc37103b183b026bd69fdccfd1f93d0,2024-12-04T11:06:29Z
4002015,93d782ba2eacfc75b119d04661215ed0,2024-12-04T11:06:52Z
4003015,03a2b5e1761a912abbb80f50b6f7a945,2024-12-04T11:07:16Z
4004015,25ef68a56a6ae0a6f0116dba14841a03,2024-12-04T11:07:46Z
4005015,045e257d04a35b8ce81a2418b37ccfa9,2024-12-04T11:08:08Z
4006015,6bed2e6cdbb6be0e653f617f1c2e4112,2024-12-04T11:08:31Z
4007015,0db3ac64f84d9ea9d6f339d815e32100,2024-12-04T11:08:44Z
4008015,9adb51807001a8417dacdf0a7c87832f,2024-12-04T11:09:24Z
4041,7f5ddd1039b773aff83513d34d81f997,2024-12-06T00:56:00Z
4042,908bff5cca00af6a69dfc78df9943fd4,2024-12-06T00:56:48Z
4043,98ed9293e03b327f6d8f7b9bedf02929,2024-12-06T00:57:37Z
4044,0db713e22a6faef6173cd7e28f1b4bef,2024-12-06T00:58:21Z
4045,bc70aee3a5c7e2a97892f50208934e06,2024-12-06T00:59:05Z
4046,3b84be21439ee0dda22f0fa2a9dd544e,2024-12-06T00:59:49Z
4047,e2439714755b6281e44358804b83f513,2024-12-06T01:00:31Z
4048,a294122b87a854421db833a0807c16bb,2024-12-06T01:01:14Z
4049,d7c28c68b6c69aaec95e7f750bc8ca6f,2024-12-06T01:02:26Z
4050,79203df1909c51a20dc4ed4bb696e0f2,2024-12-06T01:03:55Z
4051,026b08e7e9536093e6aba156473c94ab,2024-12-06T01:05:15Z
4052,2c93500fb2d8d9dea4e0ab565be650e3,2024-12-06T01:06:39Z
4053,004e530b76307224107b643f2255ec64,2024-12-06T01:08:20Z
4054,1dafeaa5ff72d1e3ec09f880b708ae4b,2024-12-06T01:09:53Z
4055,ccd64f3d350856921d59ebf5573c6d97,2024-12-06T01:11:00Z
4056,16d7e848f4caaeaf9c343fd63ee4387d,2024-12-06T01:12:07Z
4057,fe88ebb1852522aedda8d034c9ef38d6,2024-12-06T01:14:04Z
4058,5ad85294856fc4ec338963b37777a285,2024-12-06T01:15:57Z
4059,ac888cb748431b66fe8355d2d2eabe5f,2024-12-06T01:17:45Z
4060,d92b8eee6721237c000c5372f0ee2a40,2024-12-06T01:19:32Z
4061,395677f7a8d689d8a23e2c465996d1c2,2024-12-06T01:21:21Z
4062,072e0e90e52c9f80a7c366ca6196da0d,2024-12-06T01:23:11Z
4063,5d8ebe692bce8e7fe192336b9e6eb47c,2024-12-06T01:24:58Z
4064,a89970ebdbd7d4ff1c2ebdfadc920a87,2024-12-06T01:27:06Z
4065,c79a4a8968cb18b9d6d571b11c5c5713,2024-12-06T01:28:28Z
4066,d107d08062cf85c3b228e521af103012,2024-12-06T01:29:52Z
4067,79d1b80619fc92fec40e4421326d5c3a,2024-12-06T01:31:07Z
4068,526e18a061ee09f8688266cc064ab0a1,2024-12-06T01:32:27Z
4069,f6148cd3d75895b04df4ad4d8dc1a61c,2024-12-06T01:33:41Z
4070,0be64df6c5f930124a4cc334f9844f0d,2024-12-06T01:35:02Z
4071,68899ab341ef418f0dec9f208e62e8e0,2024-12-06T01:36:13Z
4072,7a5c6263e473670019863c9a2565c61a,2024-12-06T01:37:30Z
4073,0e2c10e57f627c3c2def5e465f17612a,2024-12-06T01:38:25Z
4074,704def28ec9cc68df89ab0193393159b,2024-12-06T01:39:13Z
4075,ce72b67cb00724701ee127845358a305,2024-12-06T01:40:00Z
4076,f5abd623aaba14066407d8499d1201bc,2024-12-06T01:40:47Z
4077,d6225b48f71a23dbdf1cad424479346e,2024-12-06T01:41:32Z
4078,1460250cd0a76e2b72e74d28a3919306,2024-12-06T01:42:18Z
4079,d12f7349ababa29cb2d716423421c14f,2024-12-06T01:43:00Z
4080,9485841ba796cee0281d3f5a46d50251,2024-12-06T01:43:42Z
4081,b1d81db39076b06f3befc85088d26b7d,2024-12-06T01:44:52Z
4082,a40f08a0a72987870fbe156faed638b1,2024-12-06T01:45:49Z
4083,8e669775b58c935745ea36ab11bb77aa,2024-12-06T01:46:43Z
4084,92e20af5f7a666d26f2bebb73aff277b,2024-12-06T01:47:37Z
4085,e8daeff57effb741bdf5ecb3141c0651,2024-12-06T01:48:45Z
4086,31d911013b480a56c0578217436eaac7,2024-12-06T01:50:04Z
4087,003a7523c0f09b1f94d9ad1f87f49546,2024-12-06T01:50:56Z
4088,e7cb1ddb272b3ad3666199459abfd34a,2024-12-06T01:51:57Z
4089,043068a68c1971e619c144bfaf0c22e1,2024-12-06T01:54:04Z
4090,4a32d09793a86a863020b79cd8636573,2024-12-06T01:56:04Z
4091,75b14bf5a0c36d3fdaad8147bd018929,2024-12-06T01:58:08Z
4092,f0dde7a9cbb5fd68744557a8bbf8d370,2024-12-06T01:59:56Z
4093,6579a8a0bf274ac83319e45233111974,2024-12-06T02:01:48Z
4094,3beeb1abb3c276dd393ebd21da39e52f,2024-12-06T02:03:57Z
4095,2e27352825415c8d3648c8265b665bce,2024-12-06T02:06:31Z
4096,9498edd59c53ac97fd702232fa9fb88d,2024-12-06T02:08:50Z
4097,83dfc59eea1018ccc3838ff87ec96853,2024-12-06T02:09:51Z
4098,2228575fe743e5693aa525ff1444ea08,2024-12-06T02:11:10Z
4099,6b14189c803b698687b4d243e4ea3da2,2024-12-06T02:12:13Z
4100,791ffa34b0ce82e2f63fcc4b8455c9f8,2024-12-06T02:12:57Z
4101,493eabd64167baa3e1bc1d515489687e,2024-12-06T02:13:40Z
4102,770ec5fc58064aee3e27d4224499e1ad,2024-12-06T02:14:23Z
4103,cf224979134c23d9b344d9e3beda53a1,2024-12-06T02:15:17Z
4104,cc94f99b750912ed4c6bab6ad4b72d6b,2024-12-06T02:16:15Z
4105,7d54b68f62b16d7df8774a0727b446df,2024-12-06T02:17:05Z
4106,d54d72dc3f1ac824d7e2c0ef3ac2c7cc,2024-12-06T02:17:52Z
4107,0e5c6b4756219e698fa74626f752bba0,2024-12-06T02:18:38Z
4108,2a9d06afbb729b986181534232002210,2024-12-06T02:19:23Z
4109,3c37bc07f9dfef3c6fb561e4fcfae234,2024-12-06T02:20:17Z
4110,f95e9edea17611c3d4e5f5dc01019525,2024-12-06T02:21:00Z
4111,42c99bb52a3ac60fb538ba6727e58ddb,2024-12-06T02:21:43Z
4112,b69bb20f2fe080fd9b2418727ac101d9,2024-12-06T02:22:24Z
4113,ae8c12747a0720a15419050e5b426617,2024-12-06T02:23:19Z
4114,37a9b9177aca5680a0165a14737e11ce,2024-12-06T02:24:11Z
4115,a58a2d03e677bb0b2c97b403f6681890,2024-12-06T02:25:04Z
4116,ca7c71f82371d3e15a8801e8d9cedb3d,2024-12-06T02:26:13Z
4117,171bc8a577fe40947b1a705bff41f326,2024-12-06T02:27:21Z
4118,d6a4b1cb962ddc748aceeb514f459ae0,2024-12-06T02:28:16Z
4119,b4b7ed6145428b002a32d53dbc60333f,2024-12-06T02:29:05Z
4120,75b50b5b7e83885e9ff563209ef6a5a1,2024-12-06T02:29:53Z
4041030,2f2d7ee59b7c6bd2e384f03f7eb67942,2024-12-06T02:29:56Z
4042030,a9a9c7c2a9eb87ab4c35dd9686a1bf4d,2024-12-06T02:29:58Z
4043030,fe1813313fdabf864ea8cc1d3a1529dd,2024-12-06T02:29:59Z
4044030,cdfad5452002c115f23d14f04134d094,2024-12-06T02:30:01Z
4045030,ad4488728cc60357cb9e35bf0891e16a,2024-12-06T02:30:03Z
4046030,8aa5d2d2ac3b7566db43034626afc230,2024-12-06T02:30:05Z
4047030,590505d992bc350da79e7ca610a77994,2024-12-06T02:30:07Z
4048030,4f8dcd7f2d4f2f7c7aa7fb8540d328b7,2024-12-06T02:30:09Z
4049030,a0c6323033f85d8f7e6d919bf1b25c04,2024-12-06T02:30:12Z
4050030,91c5f8dcbd22ec0e9e0257e2e595ffa8,2024-12-06T02:30:15Z
4051030,20e5a3f7bdb9881c5712ddab146e24eb,2024-12-06T02:30:18Z
4052030,08db32c26ea1d8c3105e810b19d09519,2024-12-06T02:30:21Z
4053030,85de71e0e1a8c1fba1f52a3f31460933,2024-12-06T02:30:24Z
4054030,ba29c66163bfeabcc3138992cd5a4284,2024-12-06T02:30:27Z
4055030,d11340c88eac4fbb9e52f86e0bfcd247,2024-12-06T02:30:29Z
4056030,8cbb24f0274ecb929ae8b6c88f81c324,2024-12-06T02:30:32Z
4057030,c8f80c885f6b294e852dc85de81a3591,2024-12-06T02:30:35Z
4058030,972540cd9aaa25cecf633dda768d0b06,2024-12-06T02:30:38Z
4059030,b684fb0b9c299a106ce79e0c6bb0166c,2024-12-06T02:30:41Z
4060030,f69fd8aa6d31f858a7176eac3a919e1e,2024-12-06T02:30:43Z
4061030,09d1ad22d4feb456739c3311d0487f5e,2024-12-06T02:30:46Z
4062030,4da3d44d86d08a78d3edadd2b505ec4b,2024-12-06T02:30:48Z
4063030,dc82a2f6e67f00b6ede15b1b54937d6e,2024-12-06T02:30:51Z
4064030,cae6dc8b6d53ce348647dee9cd6773ae,2024-12-06T02:30:53Z
4065030,5d8b67e24c90509135bcc44e32ae24f7,2024-12-06T02:30:56Z
4066030,7130d49718cbce7a1cd03fcc16907964,2024-12-06T02:30:58Z
4067030,c343451bd0245e8c357c441d74aaf879,2024-12-06T02:31:00Z
4068030,8366a8d59cef548b4a8951524fcd0f9b,2024-12-06T02:31:02Z
4069030,f60d61fdcaa71fa1b083d724b02d1282,2024-12-06T02:31:05Z
4070030,e54944bba4135f4e6063cfa6048d04c8,2024-12-06T02:31:07Z
4071030,8d6284545f0d7aa474c85749405e08a6,2024-12-06T02:31:08Z
4072030,89564fee64a651e3ef513fe3c668c174,2024-12-06T02:31:11Z
4073030,adaf759cbc5b82efce62e2eb4b1dcbee,2024-12-06T02:31:13Z
4074030,a31cd1325af9958e27a6ff8981e5cd73,2024-12-06T02:31:15Z
4075030,b4154919e9daf7e1873218540a3b90ea,2024-12-06T02:31:18Z
4076030,85544e766019bde79abd1525a9d4fb9d,2024-12-06T02:31:20Z
4077030,20a0bde6b090fef32d4f2667c24d5e79,2024-12-06T02:31:22Z
4078030,328cd7ac20214448f86cf5e10e502498,2024-12-06T02:31:25Z
4079030,0771bfe963a7dcde2ae597a83637bbfb,2024-12-06T02:31:27Z
4080030,781321006c72f21752b402098640845c,2024-12-06T02:31:29Z
4081030,921f6fbd57556c0da89fbf475aaee152,2024-12-06T02:31:32Z
4082030,309947e2fcd553ce838ab69de7a0713d,2024-12-06T02:31:36Z
4083030,48a9ac8718ad4a5252820345cc89da60,2024-12-06T02:31:40Z
4084030,79cf8ea6424bd7771b76fc465aa65e46,2024-12-06T02:31:45Z
4085030,63088d628a3bfcf0064204d178ccd3c5,2024-12-06T02:31:48Z
4086030,484f39b0f48ef15c0e429a7c45e352bb,2024-12-06T02:31:51Z
4087030,f9d3f65fe285cae1af34036fb16905a0,2024-12-06T02:31:54Z
4088030,bca1c39839390993b442f4504e3214b7,2024-12-06T02:31:58Z
4089030,1d730b19900a9336a01886524fc3eafe,2024-12-06T02:31:59Z
4090030,245f7876c18f22fa7ba3815bfa5f9a90,2024-12-06T02:32:02Z
4091030,e62767f341a3a924edde7fae0368a664,2024-12-06T02:32:04Z
4092030,ca3db74c8fd48e61fd79115875cbc8e2,2024-12-06T02:32:07Z
4093030,dd539cce1288c087b1a5b42b8964abde,2024-12-06T02:32:09Z
4094030,8ae1008e9c44facfe2dc412b6eb954e3,2024-12-06T02:32:11Z
4095030,a22d5d7167a3c0250373e0f3190ed2b5,2024-12-06T02:32:13Z
4096030,5ddf8c9784c106ef5707e37e9d9e3c41,2024-12-06T02:32:15Z
4097030,61bc777ec38d058488e20969b9a23008,2024-12-06T02:32:17Z
4098030,20f24c8854661527fa893327b2fc42bf,2024-12-06T02:32:18Z
4099030,a4f3701e2c6d349ff0088fbf590a8689,2024-12-06T02:32:20Z
4100030,14fbdc7b23a3af9c6dcdf3040d243612,2024-12-06T02:32:22Z
4101030,26b02edd70a27e95f592a8de77c14090,2024-12-06T02:32:24Z
4102030,e943e824d408f1df6366d085c563446b,2024-12-06T02:32:25Z
4103030,3b02db494c221b1facb05886a7c1f89a,2024-12-06T02:32:27Z
4104030,f720f06218cee5ebfc3003c3ab80ce1f,2024-12-06T02:32:29Z
4105030,cca4db2e6e5ff4b23631f3a16db80215,2024-12-06T02:32:30Z
4106030,fc8936191843bf929f2c64898c18f025,2024-12-06T02:32:32Z
4107030,ca2d253b09d832f749e8b01bd060539d,2024-12-06T02:32:34Z
4108030,962b2b605713502a3ce6e8172deeb541,2024-12-06T02:32:36Z
4109030,331d10d05e7498568b7456cff46e710d,2024-12-06T02:32:38Z
4110030,0a8bbd99a5dd881e0fd9a5d51c3adfe1,2024-12-06T02:32:40Z
4111030,a7bd509c193f869851f9e7b34844c7bf,2024-12-06T02:32:42Z
4112030,1d90246398e898d8ee5a5e9b15865451,2024-12-06T02:32:43Z
4113030,d6709eb97dffa0044de93adb36001884,2024-12-06T02:32:46Z
4114030,bf065f36c6e1c9735400071ca6773338,2024-12-06T02:32:49Z
4115030,91cedb212463ad98642b6f1941f3d8a4,2024-12-06T02:32:51Z
4116030,ca72d192e8943000dfa1910b57637e37,2024-12-06T02:32:53Z
4117030,befac635ca99178d463e5183a76fd5b3,2024-12-06T02:32:56Z
4118030,8defce799b349d8f8e9662de142d1a14,2024-12-06T02:32:58Z
4119030,137a762dd9d54c1b814137116f2299f3,2024-12-06T02:33:00Z
4120030,c49e9d1296fb16c0f2e333d9b3cc7004,2024-12-06T02:33:02Z
4041040,b817e8879e3195e196fed0a494e934df,2024-12-06T02:33:05Z
4042040,f2124c6a891ff17ae8324978c1779056,2024-12-06T02:33:07Z
4043040,cb462bde63cb73e7fc505f6780d2612d,2024-12-06T02:33:09Z
4044040,18d08e2f8b3bb24c063ce2e9c3ef428d,2024-12-06T02:33:11Z
4045040,6e1e1ac355df14837d993c689239e754,2024-12-06T02:33:12Z
4046040,88cfc69c2d9a5c27f5ac04cd644c34b3,2024-12-06T02:33:14Z
4047040,6b7f2f67adf0da394b97c108f0c0dc7d,2024-12-06T02:33:16Z
4048040,9ca42a545b688e23c3371c779483978e,2024-12-06T02:33:17Z
4049040,66d330f6aadde6cf86735ed501ed08ae,2024-12-06T02:33:20Z
4050040,fda0bb6abf6400c3e9349a3b27a72ca0,2024-12-06T02:33:24Z
4051040,af4d3c650104525d2c31150c4af89501,2024-12-06T02:33:27Z
4052040,4bee0a06d28b11bbd70dc1969a8e83c2,2024-12-06T02:33:30Z
4053040,f6dbdb13f5c12ddfe4ee11d8442b5468,2024-12-06T02:33:34Z
4054040,19ddf845690f0698748379305974c0e5,2024-12-06T02:33:37Z
4055040,268b06b7464764eb3f846ba2e3028f36,2024-12-06T02:33:40Z
4056040,d1570bbda4e1c0c1e82e441617f27859,2024-12-06T02:33:43Z
4057040,debc0f52a03f7c66f405675478dfd616,2024-12-06T02:33:46Z
4058040,3c7dca955e7735ce1580b2ca7724881e,2024-12-06T02:33:49Z
4059040,a186dee3a458ab58ae014e0647cd55c0,2024-12-06T02:33:52Z
4060040,86635387a86f6f1f5ce70b6f860a6b39,2024-12-06T02:33:54Z
4061040,81ba7a2564aa12a3cef13abd1a054619,2024-12-06T02:33:57Z
4062040,2899af13af0f3057e327e8577205d8c8,2024-12-06T02:34:00Z
4063040,dc14dd97df5971f52742b9e900692b95,2024-12-06T02:34:02Z
4064040,ef2b05e4a8d888625a696e4d0b714ced,2024-12-06T02:34:04Z
4065040,a48821e34cbb527c8cf1da05af5b6fc8,2024-12-06T02:34:07Z
4066040,2d1a9b5f9011cc4d99067eec246ee5fb,2024-12-06T02:34:10Z
4067040,797c6411a4e03a9f0813417c1ced39c7,2024-12-06T02:34:12Z
4068040,0d421792c864c42ec9902aaee50d1833,2024-12-06T02:34:15Z
4069040,b4195ba80d3093684c89b186d287f942,2024-12-06T02:34:17Z
4070040,aede27a1a5875500c5dff4b5b7106ee6,2024-12-06T02:34:19Z
4071040,04658a20914562c32d06c3c11d4f3c06,2024-12-06T02:34:21Z
4072040,49691e01c2b6ad8ffed8d0c7ece68a6a,2024-12-06T02:34:24Z
4073040,1d6fd21689d0d3e3f0bc0b3a1163ab2d,2024-12-06T02:34:26Z
4074040,5e3f1970e264a2eaa963ae235b7ba3b2,2024-12-06T02:34:29Z
4075040,2f396209a94f86e34ebbabc93f1af368,2024-12-06T02:34:32Z
4076040,2eea4106eb66447fc6e627a7abbedd5f,2024-12-06T02:34:35Z
4077040,3da6f55e20cd9e641c4c8f37e61d8364,2024-12-06T02:34:37Z
4078040,e7904e4daa4ea74656d45b4e9a289b14,2024-12-06T02:34:40Z
4079040,df8e5b6d156f0204ef1433a3a3257b50,2024-12-06T02:34:43Z
4080040,a20b34796be986554076823e950ec7cb,2024-12-06T02:34:46Z
4081040,70d8c7b5db064659da7c8be1ec53cfc8,2024-12-06T02:34:50Z
4082040,664440fedd05c396b71572021202acb8,2024-12-06T02:34:54Z
4083040,c07bee7e72024666dde874afc7e9bc32,2024-12-06T02:34:58Z
4084040,6635b3a3abd483498e8cf677d1834ea0,2024-12-06T02:35:01Z
4085040,97c29eaffe33505bee0873be75e176e1,2024-12-06T02:35:04Z
4086040,17d842dc8650f2a16b98bf4f4aaf3d98,2024-12-06T02:35:08Z
4087040,71ae6ee5b1bce5047c643c6d54cde596,2024-12-06T02:35:11Z
4088040,b226a3991bc6e4451552f2430b2fdeb4,2024-12-06T02:35:14Z
4089040,99a3d25754d5db398d28a5e124077a7d,2024-12-06T02:35:38Z
4090040,e0ebcc228584e71db3542536593ef110,2024-12-06T02:35:40Z
4091040,da986c4b44dc005bf5a1429ea55cc5d7,2024-12-06T02:35:43Z
4092040,3ee4d05a9403edf5e9abad8a8cff2e24,2024-12-06T02:35:46Z
4093040,efe97f8368be2cd4ccb1a8993f9b1237,2024-12-06T02:35:48Z
4094040,e8c914433c59626df4c882f7b416d4b2,2024-12-06T02:35:50Z
4095040,a6543c8180c12bbc0c0268a92ab362c8,2024-12-06T02:35:52Z
4096040,8bbbc844e547ec86ee369d34f3a071a7,2024-12-06T02:35:55Z
4097040,2846aaa0aaa903baaf5eb808766d4ad0,2024-12-06T02:35:57Z
4098040,1a87edf55fa4f9ae74442b814881b0e3,2024-12-06T02:35:58Z
4099040,5282a885073efe7253c368a259460e7c,2024-12-06T02:36:00Z
4100040,791581e143e7eccbdb913ff7e7b78d0a,2024-12-06T02:36:02Z
4101040,0c12a0f2b22b2c8458f48a94173b3f55,2024-12-06T02:36:04Z
4102040,82bc79ae9a56c246ca7634b78e64bb46,2024-12-06T02:36:06Z
4103040,db6c55adcedb0ac9a60af9d40d0350c6,2024-12-06T02:36:08Z
4104040,b4bc0cd796f5e97298e703b549a45ea0,2024-12-06T02:36:10Z
4105040,8c8e9574ab21b2ffcb420ae3bf05045a,2024-12-06T02:36:12Z
4106040,feac140fabf9ce371ace3a016f7a879b,2024-12-06T02:36:13Z
4107040,b077b0ab01056fadf5fad02d82c79bad,2024-12-06T02:36:15Z
4108040,2841544900510c8166a5bd9c26091afa,2024-12-06T02:36:17Z
4109040,be81b81817541b5558a3b1516dca0398,2024-12-06T02:36:19Z
4110040,aec681ef132cc24be0d90d99c46c4553,2024-12-06T02:36:20Z
4111040,adc0c299541119ed771871e2567990ac,2024-12-06T02:36:22Z
4112040,63364ca796893b16193701c3fdaf15b2,2024-12-06T02:36:24Z
4113040,13213215a1660adbd45e9a003e2a7b2a,2024-12-06T02:36:27Z
4114040,5a984a11a93ebdbe343edc98821fed91,2024-12-06T02:36:30Z
4115040,43381a05cb2b0c64bdcaf2eb6f01c738,2024-12-06T02:36:33Z
4116040,c20e5645f109bc6af829ed919f363264,2024-12-06T02:36:36Z
4117040,0ceec818f89f28be54f9062b3b8be0aa,2024-12-06T02:36:38Z
4118040,65a97aba34e2899914605164027c0557,2024-12-06T02:36:41Z
4119040,9293bcfd79eb6a94e1cd70e39dda336e,2024-12-06T02:36:43Z
4120040,535866e59e35db60c3a218bcb124d26b,2024-12-06T02:36:45Z
4001006,8c065457757e60fd8661c1ef5fec8b11,2024-12-06T02:36:52Z
4002006,161d73f3cc9f30f7922d1674c9f3b7ce,2024-12-06T02:36:55Z
4003006,fddd8e84e35d043b9a174b6a577edbfc,2024-12-06T02:36:58Z
4004006,8f29f18ece5417e1ca8958bef36ef6a3,2024-12-06T02:37:01Z
4005006,5a23ad4f0ebe04497da7b11c795ff385,2024-12-06T02:37:04Z
4006006,6c15111fe27c4e63cf4cc09b0bde7adc,2024-12-06T02:37:07Z
4007006,ab221651f3d202bb4259ba971421f82b,2024-12-06T02:37:10Z
4008006,d712f1028fedfa777f7d27f6fea2d5fd,2024-12-06T02:37:13Z
4001007,9414f0c226ab490041f5ea12ab57e917,2024-12-06T02:37:17Z
4002007,10d7b62f48c5d262801255e4aade017c,2024-12-06T02:37:20Z
4003007,8b506c261831bcdbecebd7302f59b40b,2024-12-06T02:37:23Z
4004007,d56dc3097a6b488ee51f7a06e25ea3cb,2024-12-06T02:37:26Z
4005007,7cee98e85f0e1d22657ee402d7dd63de,2024-12-06T02:37:29Z
4006007,203bc0daecaab90111452bc806f2e8c5,2024-12-06T02:37:32Z
4007007,06c83bed667c07737485b8c5e590f365,2024-12-06T02:37:35Z
4008007,f4b532a9b004ca1e9604bfab7f04c19b,2024-12-06T02:37:37Z
4001008,c331c16d770f2b1a978e65c5cca0a758,2024-12-06T02:37:40Z
4002008,4f1f9ca0f5df148cc9664153e1ed71ce,2024-12-06T02:37:43Z
4003008,44099c99782807e6347dc2824d63e8d0,2024-12-06T02:37:46Z
4004008,69ab0ff4c3b7c40d9245713dda96eb86,2024-12-06T02:37:49Z
4005008,05b621aff139777cf61999e8730d39b8,2024-12-06T02:37:51Z
4006008,6efdd3eb7a240c4dc4ad0cdfa7fb509d,2024-12-06T02:37:53Z
4007008,2d9eddbe8252e873963448b8fb598ab4,2024-12-06T02:37:55Z
4008008,275e5c0fe6ad1d9df19b85a9f5a848de,2024-12-06T02:37:58Z
4001016,00bc7573b32459e2c7972344a6065371,2024-12-06T02:38:02Z
4002016,805082e7c77003854897c53277693501,2024-12-06T02:38:05Z
4003016,358a2799e74c2d3e5cbacd497b0901fd,2024-12-06T02:38:08Z
4004016,ee5a9c3c47fdd7836881878737139249,2024-12-06T02:38:11Z
4005016,723177839dd56dced5b65ed6c78b9fd7,2024-12-06T02:38:14Z
4006016,80f92e60a9cd41083828da7ce0d1bc73,2024-12-06T02:38:17Z
4007016,c4c21ddca8853053ed98c643466fccb0,2024-12-06T02:38:21Z
4008016,0d91c2154db811a459003010d0a80175,2024-12-06T02:38:24Z
4001017,a4827fb0a76b1b408368877b1ad65f67,2024-12-06T02:38:28Z
4002017,f75ed6cc019685efa79e182d93f48679,2024-12-06T02:38:31Z
4003017,cc64e51f4b5e1b8119122cac301c835e,2024-12-06T02:38:35Z
4004017,06a23a1f7a038831e764802c9d585d10,2024-12-06T02:38:38Z
4005017,da91f65566c34ed35aecd48a0414bf98,2024-12-06T02:38:41Z
4006017,45b2603fa76a971ddb7095be7919bcc2,2024-12-06T02:38:46Z
4007017,ab278baf4abe8c4eec07e2824c68a302,2024-12-06T02:38:49Z
4008017,364471c48a7cb7c52e623ee82641ebe5,2024-12-06T02:38:51Z
4001018,9e33d0dcab7fdc69b9775cf5bbc15062,2024-12-06T02:38:54Z
4002018,3516bf990e37e216dd5e5375fe5937bb,2024-12-06T02:38:56Z
4003018,43d870fbad5f5e4b84f2088d723fbd0f,2024-12-06T02:38:59Z
4004018,e205c775a3dad48851fa150ad3eb35a2,2024-12-06T02:39:01Z
4005018,e74042999de12bcc690288cc0b145b64,2024-12-06T02:39:04Z
4006018,ebe7bf8054a01f29c913bfc93cb5c63d,2024-12-06T02:39:06Z
4007018,d59e21b768a00409bfcbf01620cccd40,2024-12-06T02:39:08Z
4008018,6be80d5a14ec622a050ecc4df3051366,2024-12-06T02:39:10Z
5001,9185f04f2e57a34da733b9e07188daa2,2024-12-06T22:44:56Z
5002,5c4e69683bba9eaf9f2549c91424861f,2024-12-06T22:45:48Z
5003,9bb07b2903fe7c6b61d8fe51a7bb6954,2024-12-06T22:46:40Z
5004,5195abde52c43d9bcca64097f3a074a1,2024-12-06T22:47:29Z
5005,bbd435a8c1e74747609dfe723336e238,2024-12-06T22:48:16Z
5006,a873cd1d3016aefa15854d216ea03424,2024-12-06T22:49:01Z
5007,064733575b674bb44563b28930e923de,2024-12-06T22:49:28Z
5008,84f9da0cdf6f6ea2e36e1c55329bee66,2024-12-06T22:49:54Z
2001,e0a378645b49f38840617ba416e963bf,2024-12-08T19:48:48Z
2002,5c9b56e733ddabd884ed2ef2161d502f,2024-12-08T19:49:41Z
2003,2e00e388bc1df5027d0f1505e99b0354,2024-12-08T19:50:33Z
2004,ed8bbee59cb7667435690886d7c16e1d,2024-12-08T19:51:23Z
2005,c1918a4d9d16613528362d66058400ac,2024-12-08T19:52:13Z
2006,b13ff324c2c7ccd75fd249a03a39ac6d,2024-12-08T19:52:56Z
2007,597cbf411acb8317e368064c7f179971,2024-12-08T19:53:36Z
2008,bb6d858da83ae889104829bd21bd6b4a,2024-12-08T19:54:17Z
2001001,3cb79d980001bec6c4b73da43eb8da58,2024-12-08T19:54:26Z
2002001,ab1683017496d6d35234c87cbd27c917,2024-12-08T19:54:34Z
2003001,3fbb37bd704db997433db50a9d370f0d,2024-12-08T19:54:42Z
2004001,6466772120611d30bb20248088e91b68,2024-12-08T19:54:51Z
2005001,87a28c7d089b684c0a108c37af7fff11,2024-12-08T19:54:58Z
2006001,aa58546a221ba27a83aeee05e3a5eab8,2024-12-08T19:55:05Z
2007001,f6d773333c0732e147cd91bbabc80801,2024-12-08T19:55:12Z
2008001,f75d81e6fdc88786db74c70c82cb9337,2024-12-08T19:55:18Z
2001002,6a2c3e11199cd91c4f8413eb1bd4e1cd,2024-12-08T19:55:26Z
2002002,de4cc33e7c77a6ce1d11711efe63dcaa,2024-12-08T19:55:34Z
2003002,8adb4f8ee13a34dc9046c54fa4ef7317,2024-12-08T19:55:43Z
2004002,116bcf8bd88f559304ffce992eb1d19a,2024-12-08T19:55:52Z
2005002,f81876830e4b0950b3a75c711b128cb7,2024-12-08T19:55:59Z
2006002,e7681c640fc438a63e8aade15b657efa,2024-12-08T19:56:06Z
2007002,55007a5fc8d4b390c034e370219fec3c,2024-12-08T19:56:12Z
2008002,59ad2eca07b09efbd7e62bcc0079def7,2024-12-08T19:56:18Z
2001003,7484886e41ea58ebdf04b4c3083a5dcc,2024-12-08T19:56:27Z
2002003,2c9e5e2a0f4faaca9b993e2551bf0cce,2024-12-08T19:56:37Z
2003003,8f5b3201d066ce91fe68f728da571290,2024-12-08T19:56:47Z
2004003,fa48ac1ba257e8e414d530f2b7605275,2024-12-08T19:56:54Z
2005003,99d4c1cdb56f38be23719872d1f3710d,2024-12-08T19:57:01Z
2006003,43745ba12d42c9432c8843aff07fa865,2024-12-08T19:57:08Z
2007003,9fd63f76f3c0813aa9a0e80c872a01b5,2024-12-08T19:57:15Z
2008003,d0122258d3d2c3fc7d9defe5b4cee1cb,2024-12-08T19:57:20Z
2001004,084be286c28ce4c45013677c08e36571,2024-12-08T19:57:29Z
2002004,d80ea8f4bca42cc7bd6afa7d5f99f262,2024-12-08T19:57:37Z
2003004,e1af238f1a8d8a94ac85c3e9ece6dcfe,2024-12-08T19:57:46Z
2004004,348ae07f52ff7c93680f08165feb9d42,2024-12-08T19:57:54Z
2005004,38228a7df6cbd6b3a6ccb3c6a61a0597,2024-12-08T19:58:01Z
2006004,ddf738963e5aa4cb9b0905a5bf2ce87d,2024-12-08T19:58:08Z
2007004,7cbc37a1febc17540d88c879b6263bcc,2024-12-08T19:58:15Z
2008004,a927ab2aa64743af123aca20be90f578,2024-12-08T19:58:20Z
2001005,52f1088bf7fa07e84a64df559f846d92,2024-12-08T19:58:29Z
2002005,4c16be6d55788ef5673c74541e9a25d3,2024-12-08T19:58:37Z
2003005,12a066e21e702e1c45a0f2b579b2b00e,2024-12-08T19:58:46Z
2004005,053b7113579a52dd7738a6df56857c52,2024-12-08T19:58:54Z
2005005,ed1197f4834a50c15dea5787ac6ee07e,2024-12-08T19:59:01Z
2006005,13713c2bb43ccd3192e0fa555f600b39,2024-12-08T19:59:08Z
2007005,0176682dfa327fe034c357946842ea3e,2024-12-08T19:59:15Z
2008005,72dda49dcee3d08d2f5a77db98cee174,2024-12-08T19:59:21Z
2001006,e38aba82d7dc20cae0f75ca97c8efc18,2024-12-08T19:59:29Z
2002006,212c323f25584ddc69159ad0bbeeafd0,2024-12-08T19:59:36Z
2003006,2e74561ed2d83cdc1a86cd846405b711,2024-12-08T19:59:44Z
2004006,6aa125b1ba5f09422264a89b3b2a41ee,2024-12-08T19:59:52Z
2005006,dec63cf4d8f67f116b6e3a11198e85ad,2024-12-08T19:59:58Z
2006006,853b935af215153724ecab5ed801deb9,2024-12-08T20:00:05Z
2007006,808d8b762caca6954e3eafbc9ee7fc86,2024-12-08T20:00:11Z
2008006,9619c33fee12a4b500b044e6654424ee,2024-12-08T20:00:16Z
2001007,b5f5b23754dc95076795bff5795f26cc,2024-12-08T20:00:25Z
2002007,7b9602b8af68be3b5a5be265086ea883,2024-12-08T20:00:33Z
2003007,dd1c0b1f41f28659545634fc87da8646,2024-12-08T20:00:41Z
2004007,cbeb029404484d6e2dff527e6b0dba9c,2024-12-08T20:00:50Z
2005007,56e4762da24e1f5434e830630e1d534b,2024-12-08T20:00:57Z
2006007,dabef95b5e211e9f67120752a94dd863,2024-12-08T20:01:04Z
2007007,9e0f98fa12631d44ddf4b24cb75cf061,2024-12-08T20:01:10Z
2008007,03e9bddea993c6e49ce467cf93ba349a,2024-12-08T20:01:16Z
2001008,fc879aab4c87f1d76b530b7bb2f7dbbb,2024-12-08T20:01:23Z
2002008,b123b40ae44d5ea003385b65d45694c4,2024-12-08T20:01:29Z
2003008,6e997b66b51af651c6d32ad775c9ef6d,2024-12-08T20:01:35Z
2004008,d0a198dd5eb6dbb79884863633579316,2024-12-08T20:01:40Z
2005008,9cfd7971dd71ac6f1b62f399b1cdcb07,2024-12-08T20:01:46Z
2006008,baf87195c720000bfa4f82627133bfd7,2024-12-08T20:01:51Z
2007008,4144c5b6627201dc2f8ba06dc54af062,2024-12-08T20:01:55Z
2008008,aa14d710f20d5c4d4967484f278fdca4,2024-12-08T20:01:59Z
2001011,16c12c82859e8407566aca58c36eec7e,2024-12-08T20:02:09Z
2002011,640bb29fa777c9973883c041610ac145,2024-12-08T20:02:17Z
2003011,ea07e69839c8ea056f18a2ba8e40a6b5,2024-12-08T20:02:25Z
2004011,d8298f60deb769ee85d8c1720ad10f4e,2024-12-08T20:02:33Z
2005011,af98b75e3b55babdbe76fc06fab0ba3d,2024-12-08T20:02:40Z
2006011,d850543f78781a89609d4a909296e7fe,2024-12-08T20:02:48Z
2007011,aafde19576477b6a18a9d0b6ccf1d86e,2024-12-08T20:02:55Z
2008011,61775faef3b6d33cbadff690c1f5cea2,2024-12-08T20:03:01Z
2001012,f57bd1cc33dfc8cc9917452e3baa740f,2024-12-08T20:03:09Z
2002012,a189cd6d0e8b0d75b8d327adbbfcfd15,2024-12-08T20:03:18Z
2003012,b378ba59eb26c399f7091f622e3f940a,2024-12-08T20:03:26Z
2004012,3433be0195315c03d1ac4b553c55510b,2024-12-08T20:03:34Z
2005012,b3a274bab142222990cd5e1ff2311a06,2024-12-08T20:03:41Z
2006012,a1cbe2d819ecbc3d7577ad943ef88a18,2024-12-08T20:03:49Z
2007012,87140ed8f899d76a8e342dbc179189fc,2024-12-08T20:03:56Z
2008012,426b9a64c52af7a3c6ae6ab7b19a6581,2024-12-08T20:04:02Z
2001013,b20f80080e270b051f8616ad04b05229,2024-12-08T20:04:10Z
2002013,9a3b41ec1d98eb1bbb46986086b84efe,2024-12-08T20:04:19Z
2003013,efdd982c1a600b2bbd9fc8915a51dca0,2024-12-08T20:04:27Z
2004013,1976c4f4523372532ef795faa3e224dd,2024-12-08T20:04:35Z
2005013,38b9980f5f75228d963a0fb6bdaca616,2024-12-08T20:04:42Z
2006013,f33d5d35ef02e2039d695fc58daeb93d,2024-12-08T20:04:50Z
2007013,329460427c61fdb4327d0c29a32bda2b,2024-12-08T20:04:57Z
2008013,cafb662a3695271d06a6f967bf3be464,2024-12-08T20:05:02Z
2001014,f44eb2ba83dbd31ff2f6434d83b487b5,2024-12-08T20:05:11Z
2002014,49fa658c37e30bb94e66d3ebff7a99f0,2024-12-08T20:05:20Z
2003014,72467679771ab65fcbcfc353a26d661e,2024-12-08T20:05:28Z
2004014,8d30c2dd0347f2c8ff6040bd1621ea05,2024-12-08T20:05:35Z
2005014,2988924d9b57d1db25c950d774cc43a7,2024-12-08T20:05:42Z
2006014,4de17a4e5d4ff4dd5a34a19da049a5dc,2024-12-08T20:05:51Z
2007014,2312b4cb510a047446276e679dcc2d44,2024-12-08T20:05:57Z
2008014,54faf0dfdf76769eebfe0f1023516335,2024-12-08T20:06:03Z
2001015,a138474e43e8ba3b85bb5d89f0c552f1,2024-12-08T20:06:12Z
2002015,993094e21d6bffba47a86492031ae8fe,2024-12-08T20:06:20Z
2003015,3ce4af51dbaf4c391d558800119e3064,2024-12-08T20:06:28Z
2004015,eaecfaf28bb6ded0493ec57e2fba3ebe,2024-12-08T20:06:36Z
2005015,1f6882e1e88dc0881e0b81d38edaea90,2024-12-08T20:06:43Z
2006015,b407f1c5278c6df9f7c4428ee73f53f6,2024-12-08T20:06:51Z
2007015,989ac4b5f69b96c70e69384a80e0900c,2024-12-08T20:06:58Z
2008015,7e83eff2423ea89fe62afc10c4142892,2024-12-08T20:07:04Z
2001016,c10db1c01d37763a9d7d9e40b4bfab85,2024-12-08T20:07:13Z
2002016,f693bfeab5326195ec3c8683e39acb03,2024-12-08T20:07:21Z
2003016,de2eca037e58eac8abdf8f41efef9daa,2024-12-08T20:07:29Z
2004016,d8627bc4e6b97cabfd3754c42753dc84,2024-12-08T20:07:36Z
2005016,e4a7a9b81dc0ae2ce40fd1781edb6993,2024-12-08T20:07:43Z
2006016,7a5affd19f2dc129e9c69d4ad9a48540,2024-12-08T20:07:51Z
2007016,187735db6ba81e9e76501660de9b8e75,2024-12-08T20:07:57Z
2008016,f5eb3eb18e727f67634a6320f738660b,2024-12-08T20:08:02Z
2001017,47b0be3209cfb77dd51240d91d609bb5,2024-12-08T20:08:11Z
2002017,1679da98a64fd86335751f0969019ef0,2024-12-08T20:08:19Z
2003017,cb8ffb5f6347ce2f1d7c7d3377ffe030,2024-12-08T20:08:27Z
2004017,ae96923b7621332d8fcaf0f054f2ae52,2024-12-08T20:08:35Z
2005017,365f3df314069cca8a9b15d24f0f2d78,2024-12-08T20:08:42Z
2006017,98ed78d81c1c74ac1a22b9b6b98564e8,2024-12-08T20:08:50Z
2007017,a0fc0ee8c90a512c97518c5513077263,2024-12-08T20:08:57Z
2008017,51821f4e88247447880783e57ec8dea3,2024-12-08T20:09:02Z
2001018,02b6ca57315b9f52596d2bb383ed9be6,2024-12-08T20:09:08Z
2002018,9380c072c8b4a5496c7bd4000b68b7cf,2024-12-08T20:09:14Z
2003018,84b82f37f32707f6658084c7b6c819aa,2024-12-08T20:09:20Z
2004018,f99771f2e8254fb5b0a9ce3b51407e44,2024-12-08T20:09:26Z
2005018,51dc5d9fa2b8dbb0c99ba909cad1174b,2024-12-08T20:09:31Z
2006018,6e32049884b7fbf8dff4a27ee2a0ca57,2024-12-08T20:09:36Z
2007018,4cd99d068299725ee00a3f476e19a2b9,2024-12-08T20:09:40Z
2008018,58f9a7e4abbd0e280d53a522c4b9fb98,2024-12-08T20:09:45Z
